invoice_id,vendor,category,amount_czk,issued_on,due_on,po_number,cost_center,approver,is_anomaly,anomaly_type
INV-000001,Google Cloud EMEA,cloud,47830.94,2026-04-17,2026-05-08,PO-21342,CC-301,msrnec,0,
INV-000002,Kinstellar s.r.o.,legal,51070.13,2026-02-13,2026-03-13,,CC-263,jnovak,0,
INV-000003,Havel & Partners,legal,82082.45,2026-01-16,2026-02-18,PO-18558,CC-274,jnovak,0,
INV-000004,ČEZ Distribuce a.s.,utilities,48167.47,2026-04-24,2026-05-25,PO-80080,CC-371,msrnec,0,
INV-000005,Pražská plynárenská a.s.,utilities,18025.36,2026-03-05,2026-03-30,PO-82746,CC-321,msrnec,0,
INV-000006,Microsoft Ireland Operations,cloud,38114.51,2026-04-13,2026-05-04,PO-92690,CC-390,msrnec,0,
INV-000007,Microsoft Ireland Operations,cloud,33980.07,2026-04-17,2026-05-05,PO-71431,CC-207,tklimes,0,
INV-000008,KPMG Česká republika,consulting,117269.44,2026-01-19,2026-02-03,PO-60533,CC-275,jnovak,0,
INV-000009,Microsoft Ireland Operations,cloud,29598.44,2026-01-16,2026-02-09,PO-30421,CC-382,ldvorak,0,
INV-000010,Makro Cash & Carry,catering,13821.56,2026-01-22,2026-02-23,PO-36999,CC-377,jnovak,0,
INV-000011,Engie Services a.s.,facility,31134.7,2026-02-25,2026-03-16,,CC-145,jnovak,0,
INV-000012,PPL CZ s.r.o.,logistics,8615.36,2026-01-13,2026-02-22,PO-57162,CC-320,kvarga,0,
INV-000013,Grafton Recruitment,hr_services,89425.54,2026-02-13,2026-03-03,PO-26425,CC-385,msrnec,0,
INV-000014,Kinstellar s.r.o.,legal,55827.53,2026-02-05,2026-02-28,PO-78831,CC-331,kvarga,0,
INV-000015,Google Cloud EMEA,cloud,32082.71,2026-02-06,2026-03-10,PO-44579,CC-202,tklimes,0,
INV-000016,JetBrains s.r.o.,software,11020.51,2026-01-13,2026-01-28,PO-72043,CC-129,jnovak,0,
INV-000017,Booking.com,travel,13592.99,2026-04-02,2026-05-03,PO-74584,CC-395,ldvorak,0,
INV-000018,Engie Services a.s.,facility,29139.27,2026-04-02,2026-05-03,PO-59821,CC-338,kvarga,0,
INV-000019,Grafton Recruitment,hr_services,98317.79,2026-01-13,2026-02-15,PO-18139,CC-359,tklimes,0,
INV-000020,Pražská plynárenská a.s.,utilities,14378.08,2026-04-20,2026-05-18,PO-33928,CC-179,tklimes,0,
INV-000021,Lagardère Travel Retail,travel,159000.13,2026-04-29,2026-06-07,PO-76744,CC-351,kvarga,1,amount_outlier
INV-000022,Engie Services a.s.,facility,32379.13,2026-02-19,2026-03-17,PO-38909,CC-150,msrnec,0,
INV-000023,PPL CZ s.r.o.,logistics,12127.45,2026-01-07,2026-01-23,PO-83968,CC-116,tklimes,0,
INV-000024,Kinstellar s.r.o.,legal,47404.32,2026-01-06,2026-01-23,PO-65970,CC-233,ldvorak,0,
INV-000025,O2 Czech Republic,telecom,16991.83,2026-04-23,2026-05-11,PO-61454,CC-342,kvarga,0,
INV-000026,Lagardère Travel Retail,travel,8239.03,2026-04-30,2026-05-27,PO-79488,CC-331,tklimes,0,
INV-000027,Kinstellar s.r.o.,legal,48609.15,2026-03-24,2026-04-28,PO-88758,CC-208,jnovak,0,
INV-000028,AdHoc Trading s.r.o. #7645,consulting,268690.84,2026-03-05,2026-03-30,PO-95277,CC-320,ldvorak,1,new_vendor_high
INV-000029,ČEZ Distribuce a.s.,utilities,49345.23,2026-04-03,2026-05-12,PO-85751,CC-216,ldvorak,0,
INV-000030,Office Depot s.r.o.,office_supply,3686.49,2026-02-11,2026-03-24,PO-60441,CC-197,jnovak,0,
INV-000031,Google Cloud EMEA,cloud,52077.15,2026-04-13,2026-05-11,PO-24646,CC-398,kvarga,0,
INV-000032,O2 Czech Republic,telecom,10238.32,2026-02-24,2026-03-14,PO-82750,CC-159,ldvorak,0,
INV-000033,Pražská plynárenská a.s.,utilities,23097.79,2026-04-06,2026-04-26,PO-59990,CC-179,kvarga,0,
INV-000034,Google Cloud EMEA,cloud,65199.11,2026-03-10,2026-04-11,PO-10917,CC-280,tklimes,0,
INV-000035,PPL CZ s.r.o.,logistics,11619.73,2026-02-18,2026-03-07,PO-78400,CC-112,jnovak,0,
INV-000036,Google Cloud EMEA,cloud,42006.4,2026-02-23,2026-03-31,PO-34501,CC-234,jnovak,0,
INV-000037,Alza.cz a.s.,office_supply,4787.17,2026-02-20,2026-03-12,PO-70410,CC-321,msrnec,0,
INV-000038,Alza.cz a.s.,office_supply,6927.28,2026-02-03,2026-03-02,PO-69571,CC-251,kvarga,0,
INV-000039,Engie Services a.s.,facility,37100.31,2026-02-05,2026-03-11,PO-92470,CC-331,msrnec,0,
INV-000040,Alza.cz a.s.,office_supply,3833.61,2026-02-17,2026-04-02,PO-92559,CC-217,tklimes,0,
INV-000041,T-Mobile Czech Republic,telecom,10282.53,2026-02-05,2026-03-21,,CC-350,jnovak,0,
INV-000042,Lagardère Travel Retail,travel,11427.49,2026-01-14,2026-02-12,PO-12632,CC-199,msrnec,0,
INV-000043,AdHoc Trading s.r.o. #8902,consulting,280817.65,2026-04-01,2026-04-15,PO-35257,CC-184,tklimes,1,new_vendor_high
INV-000044,ČEZ Distribuce a.s.,utilities,43498.63,2026-04-21,2026-05-07,PO-10833,CC-344,tklimes,0,
INV-000045,DHL Express,logistics,23980.16,2026-01-19,2026-02-25,PO-26133,CC-315,ldvorak,0,
INV-000046,DHL Express,logistics,13964.92,2026-01-28,2026-02-18,PO-95394,CC-224,kvarga,0,
INV-000047,Manpower Group s.r.o.,hr_services,100235.7,2026-02-06,2026-03-02,PO-49304,CC-182,tklimes,0,
INV-000048,PPL CZ s.r.o.,logistics,6900.38,2026-01-01,2026-01-26,PO-90418,CC-130,tklimes,0,
INV-000049,Engie Services a.s.,facility,22729.76,2026-04-14,2026-05-22,PO-10292,CC-161,kvarga,0,
INV-000050,Makro Cash & Carry,catering,9585.1,2026-04-06,2026-05-03,PO-46716,CC-331,msrnec,0,
INV-000051,KPMG Česká republika,consulting,85029.23,2026-02-26,2026-04-07,PO-30611,CC-196,kvarga,0,
INV-000052,PwC Česká republika,consulting,66594.57,2026-01-05,2026-02-04,PO-43382,CC-238,kvarga,0,
INV-000053,ČEZ Distribuce a.s.,utilities,36422.94,2026-01-09,2026-01-26,PO-82828,CC-232,jnovak,0,
INV-000054,DHL Express,logistics,16776.4,2026-03-04,2026-04-02,PO-22522,CC-379,ldvorak,0,
INV-000055,Alza.cz a.s.,office_supply,2109.67,2026-04-07,2026-05-10,,CC-335,msrnec,0,
INV-000056,PwC Česká republika,consulting,113878.74,2026-01-27,2026-02-27,PO-83483,CC-353,jnovak,0,
INV-000057,Engie Services a.s.,facility,21783.06,2026-03-30,2026-04-13,PO-34368,CC-256,kvarga,0,
INV-000058,Havel & Partners,legal,49247.51,2026-03-24,2026-04-20,PO-22816,CC-279,kvarga,0,
INV-000059,PPL CZ s.r.o.,logistics,13211.7,2026-01-20,2026-03-03,PO-99020,CC-160,tklimes,0,
INV-000060,Kinstellar s.r.o.,legal,40645.0,2026-04-08,2026-05-21,PO-19474,CC-242,ldvorak,0,
INV-000061,ČSA a.s.,travel,20180.11,2026-04-22,2026-06-01,PO-72830,CC-233,ldvorak,0,
INV-000062,PPL CZ s.r.o.,logistics,6138.17,2026-01-30,2026-03-15,PO-50960,CC-337,ldvorak,0,
INV-000063,Microsoft Ireland Operations,cloud,524602.44,2026-01-20,2026-02-27,PO-77611,CC-174,jnovak,1,amount_outlier
INV-000064,T-Mobile Czech Republic,telecom,11081.61,2026-01-02,2026-02-08,PO-57257,CC-313,jnovak,0,
INV-000065,Kinstellar s.r.o.,legal,56978.87,2026-01-22,2026-03-03,PO-68561,CC-224,ldvorak,0,
INV-000066,Engie Services a.s.,facility,22137.76,2026-03-20,2026-04-15,PO-97282,CC-146,kvarga,0,
INV-000067,Havel & Partners,legal,57593.6,2026-04-15,2026-05-16,PO-32345,CC-383,jnovak,0,
INV-000068,PPL CZ s.r.o.,logistics,1133.2,2026-04-20,2026-05-18,PO-40001,CC-168,msrnec,0,
INV-000069,PPL CZ s.r.o.,logistics,11046.38,2026-02-27,2026-03-31,PO-30931,CC-251,jnovak,0,
INV-000070,ČEZ Distribuce a.s.,utilities,42654.47,2026-02-27,2026-03-27,PO-18571,CC-271,jnovak,0,
INV-000071,Pražská plynárenská a.s.,utilities,20796.79,2026-03-06,2026-04-19,PO-79775,CC-222,msrnec,0,
INV-000072,KPMG Česká republika,consulting,89621.33,2026-04-07,2026-05-18,PO-38862,CC-340,tklimes,0,
INV-000073,Google Cloud EMEA,cloud,21179.19,2026-04-07,2026-05-10,PO-98628,CC-328,jnovak,0,
INV-000074,Lagardère Travel Retail,travel,9443.28,2026-02-20,2026-03-23,PO-33174,CC-294,kvarga,0,
INV-000075,Manpower Group s.r.o.,hr_services,119735.84,2026-03-12,2026-04-16,PO-62842,CC-295,jnovak,0,
INV-000076,Kinstellar s.r.o.,legal,45789.98,2026-03-25,2026-04-20,PO-33268,CC-137,msrnec,0,
INV-000077,Red Hat Czech s.r.o.,software,71156.49,2026-04-24,2026-05-26,PO-92840,CC-110,kvarga,0,
INV-000078,AdHoc Trading s.r.o. #5075,consulting,325199.06,2026-02-04,2026-03-17,PO-34997,CC-397,jnovak,1,new_vendor_high
INV-000079,Deloitte Advisory s.r.o.,consulting,78251.37,2026-03-20,2026-05-03,PO-86169,CC-385,tklimes,0,
INV-000080,PwC Česká republika,consulting,88302.62,2026-01-05,2026-01-24,PO-54458,CC-298,ldvorak,0,
INV-000081,Pražská plynárenská a.s.,utilities,16164.64,2026-03-03,2026-04-14,,CC-229,ldvorak,0,
INV-000082,Microsoft Ireland Operations,cloud,31288.6,2026-03-04,2026-04-06,PO-21640,CC-269,jnovak,0,
INV-000083,ČEZ Distribuce a.s.,utilities,60608.1,2026-01-16,2026-02-02,PO-95305,CC-183,ldvorak,0,
INV-000084,O2 Czech Republic,telecom,10297.68,2026-01-09,2026-02-22,PO-71012,CC-333,ldvorak,0,
INV-000085,Alza.cz a.s.,office_supply,10117.56,2026-02-04,2026-03-15,PO-51670,CC-169,kvarga,0,
INV-000086,Pražská plynárenská a.s.,utilities,14853.74,2026-02-02,2026-02-23,PO-86870,CC-291,tklimes,0,
INV-000087,Alza.cz a.s.,office_supply,4899.64,2026-03-25,2026-05-05,PO-32918,CC-171,kvarga,0,
INV-000088,Office Depot s.r.o.,office_supply,4679.1,2026-02-06,2026-03-06,PO-89263,CC-202,jnovak,0,
INV-000089,T-Mobile Czech Republic,telecom,9606.31,2026-03-30,2026-05-10,PO-58285,CC-113,kvarga,0,
INV-000090,Alza.cz a.s.,office_supply,11855.51,2026-02-13,2026-03-21,PO-83183,CC-264,msrnec,0,
INV-000091,JetBrains s.r.o.,software,9699.99,2026-01-15,2026-02-20,PO-17893,CC-318,kvarga,0,
INV-000092,Pražská plynárenská a.s.,utilities,21790.6,2026-04-28,2026-05-23,PO-95768,CC-223,msrnec,0,
INV-000093,Lagardère Travel Retail,travel,11488.48,2026-03-16,2026-04-18,PO-81426,CC-163,jnovak,0,
INV-000094,Pražská plynárenská a.s.,utilities,16440.76,2026-02-23,2026-03-19,PO-36527,CC-106,kvarga,0,
INV-000095,Kinstellar s.r.o.,legal,56946.11,2026-04-06,2026-05-14,PO-52440,CC-311,kvarga,0,
INV-000096,ČSA a.s.,travel,27993.82,2026-01-02,2026-02-12,PO-37195,CC-266,tklimes,0,
INV-000097,DHL Express,logistics,15779.72,2026-03-17,2026-04-04,PO-62568,CC-288,ldvorak,0,
INV-000098,Google Cloud EMEA,cloud,36519.92,2026-03-31,2026-04-20,PO-90409,CC-240,kvarga,0,
INV-000099,Google Cloud EMEA,cloud,45224.28,2026-02-18,2026-03-23,PO-23809,CC-222,kvarga,0,
INV-000100,PwC Česká republika,consulting,81636.35,2026-02-23,2026-03-16,PO-37135,CC-282,msrnec,0,
INV-000101,Kinstellar s.r.o.,legal,34146.58,2026-03-24,2026-04-30,PO-44905,CC-200,kvarga,0,
INV-000102,Lagardère Travel Retail,travel,3990.12,2026-04-10,2026-05-24,PO-51268,CC-103,jnovak,0,
INV-000103,Red Hat Czech s.r.o.,software,91324.09,2026-04-13,2026-04-30,PO-79975,CC-118,ldvorak,0,
INV-000104,Pražská plynárenská a.s.,utilities,250000.0,2026-03-26,2026-05-02,PO-95762,CC-323,tklimes,1,round_sum
INV-000105,Makro Cash & Carry,catering,10409.8,2026-01-15,2026-01-31,PO-45781,CC-139,ldvorak,0,
INV-000106,AdHoc Trading s.r.o. #4535,consulting,382807.54,2026-01-08,2026-02-04,PO-23709,CC-249,jnovak,1,new_vendor_high
INV-000107,O2 Czech Republic,telecom,12135.88,2026-04-30,2026-06-04,PO-35551,CC-112,jnovak,0,
INV-000108,AWS EMEA SARL,cloud,26627.17,2026-01-15,2026-02-13,PO-79960,CC-362,tklimes,0,
INV-000109,PwC Česká republika,consulting,69067.02,2026-02-19,2026-03-08,PO-75405,CC-130,ldvorak,0,
INV-000110,Engie Services a.s.,facility,31073.61,2026-02-09,2026-03-24,PO-86369,CC-160,msrnec,0,
INV-000111,JetBrains s.r.o.,software,5703.67,2026-01-06,2026-02-19,PO-99312,CC-127,kvarga,0,
INV-000112,Lagardère Travel Retail,travel,6823.11,2026-01-30,2026-02-22,PO-44552,CC-248,msrnec,0,
INV-000113,Booking.com,travel,500.0,2026-03-04,2026-03-28,PO-91227,CC-189,kvarga,0,
INV-000114,Kinstellar s.r.o.,legal,39503.75,2026-03-30,2026-05-01,PO-72531,CC-375,kvarga,0,
INV-000115,KPMG Česká republika,consulting,52348.15,2026-01-06,2026-02-17,PO-70776,CC-297,msrnec,0,
INV-000116,KPMG Česká republika,consulting,87965.85,2026-03-26,2026-04-15,PO-82778,CC-273,jnovak,0,
INV-000117,Kinstellar s.r.o.,legal,45789.98,2026-03-30,2026-04-15,PO-33268,CC-137,msrnec,1,duplicate
INV-000118,Red Hat Czech s.r.o.,software,107251.64,2026-04-14,2026-05-12,PO-63011,CC-302,kvarga,0,
INV-000119,O2 Czech Republic,telecom,12228.8,2026-01-16,2026-02-27,PO-76004,CC-256,ldvorak,0,
INV-000120,ČEZ Distribuce a.s.,utilities,44362.16,2026-01-01,2026-02-01,PO-99376,CC-216,ldvorak,0,
INV-000121,O2 Czech Republic,telecom,11830.05,2026-02-19,2026-03-13,PO-57323,CC-290,tklimes,0,
INV-000122,DHL Express,logistics,16175.94,2026-03-20,2026-04-16,PO-17735,CC-309,jnovak,0,
INV-000123,Lagardère Travel Retail,travel,11399.19,2026-02-24,2026-03-25,PO-43371,CC-334,kvarga,0,
INV-000124,T-Mobile Czech Republic,telecom,8906.86,2026-04-07,2026-05-14,PO-66961,CC-153,msrnec,0,
INV-000125,Lagardère Travel Retail,travel,19932.29,2026-04-15,2026-05-07,PO-37928,CC-196,msrnec,0,
INV-000126,Google Cloud EMEA,cloud,12830.65,2026-01-29,2026-02-19,PO-15150,CC-390,kvarga,0,
INV-000127,ČSA a.s.,travel,18678.26,2026-02-19,2026-03-21,PO-68749,CC-319,jnovak,0,
INV-000128,Pražská plynárenská a.s.,utilities,17431.99,2026-01-15,2026-02-15,PO-87009,CC-310,jnovak,0,
INV-000129,T-Mobile Czech Republic,telecom,7458.75,2026-03-24,2026-05-03,,CC-184,jnovak,0,
INV-000130,Kinstellar s.r.o.,legal,48609.15,2026-03-27,2026-04-15,PO-88758,CC-208,jnovak,1,duplicate
INV-000131,Engie Services a.s.,facility,25243.81,2026-02-04,2026-03-10,,CC-101,kvarga,0,
INV-000132,DHL Express,logistics,5289.24,2026-01-15,2026-02-06,PO-75725,CC-318,msrnec,0,
INV-000133,KPMG Česká republika,consulting,78489.56,2026-03-13,2026-04-01,PO-84218,CC-377,msrnec,0,
INV-000134,Makro Cash & Carry,catering,7583.13,2026-04-21,2026-05-20,,CC-110,msrnec,0,
INV-000135,Pražská plynárenská a.s.,utilities,19453.82,2026-03-03,2026-04-08,PO-66102,CC-334,ldvorak,0,
INV-000136,Makro Cash & Carry,catering,9465.41,2026-01-29,2026-03-05,PO-84945,CC-159,ldvorak,0,
INV-000137,AdHoc Trading s.r.o. #3529,consulting,380271.92,2026-04-15,2026-05-07,PO-35248,CC-185,kvarga,1,new_vendor_high
INV-000138,AdHoc Trading s.r.o. #9874,consulting,188855.82,2026-03-05,2026-03-29,PO-18162,CC-303,ldvorak,1,new_vendor_high
INV-000139,Google Cloud EMEA,cloud,29355.58,2026-02-25,2026-04-06,PO-54348,CC-315,msrnec,0,
INV-000140,Kinstellar s.r.o.,legal,72314.31,2026-01-20,2026-02-14,PO-59896,CC-149,kvarga,0,
INV-000141,PPL CZ s.r.o.,logistics,6156.25,2026-04-13,2026-05-22,PO-24870,CC-327,ldvorak,0,
INV-000142,Alza.cz a.s.,office_supply,1005.78,2026-01-02,2026-01-29,PO-84444,CC-224,ldvorak,0,
INV-000143,Engie Services a.s.,facility,17704.36,2026-02-20,2026-03-20,PO-15846,CC-124,msrnec,0,
INV-000144,Makro Cash & Carry,catering,9545.81,2026-04-29,2026-05-23,PO-98011,CC-122,tklimes,0,
INV-000145,JetBrains s.r.o.,software,4836.28,2026-03-26,2026-04-28,PO-17997,CC-270,ldvorak,0,
INV-000146,Office Depot s.r.o.,office_supply,5550.28,2026-01-22,2026-02-14,,CC-157,msrnec,0,
INV-000147,Lagardère Travel Retail,travel,16164.03,2026-03-13,2026-04-01,PO-61966,CC-146,kvarga,0,
INV-000148,Makro Cash & Carry,catering,10647.87,2026-03-05,2026-04-11,PO-43287,CC-251,kvarga,0,
INV-000149,PwC Česká republika,consulting,116058.82,2026-03-20,2026-04-07,PO-85864,CC-217,tklimes,0,
INV-000150,ČSA a.s.,travel,26862.61,2026-01-15,2026-02-02,PO-92515,CC-374,kvarga,0,
INV-000151,Booking.com,travel,8919.54,2026-01-16,2026-02-01,PO-89233,CC-149,jnovak,0,
INV-000152,JetBrains s.r.o.,software,8980.18,2026-03-17,2026-04-19,PO-76513,CC-140,tklimes,0,
INV-000153,Grafton Recruitment,hr_services,118896.83,2026-01-19,2026-02-09,PO-85511,CC-176,ldvorak,0,
INV-000154,O2 Czech Republic,telecom,10611.68,2026-03-12,2026-04-10,PO-71263,CC-348,jnovak,0,
INV-000155,KPMG Česká republika,consulting,101179.36,2026-01-01,2026-02-13,PO-12871,CC-136,msrnec,0,
INV-000156,JetBrains s.r.o.,software,9460.55,2026-02-06,2026-03-08,PO-29406,CC-277,jnovak,0,
INV-000157,Pražská plynárenská a.s.,utilities,10252.65,2026-02-23,2026-03-21,PO-59469,CC-365,ldvorak,0,
INV-000158,Manpower Group s.r.o.,hr_services,108858.65,2026-03-03,2026-04-16,PO-94242,CC-259,jnovak,0,
INV-000159,Red Hat Czech s.r.o.,software,108427.77,2026-01-29,2026-03-02,PO-55747,CC-209,tklimes,0,
INV-000160,PPL CZ s.r.o.,logistics,10821.87,2026-01-01,2026-01-23,,CC-303,tklimes,0,
INV-000161,JetBrains s.r.o.,software,5216.35,2026-02-13,2026-03-09,PO-20620,CC-209,msrnec,0,
INV-000162,Office Depot s.r.o.,office_supply,3723.14,2026-01-05,2026-02-17,PO-10277,CC-333,tklimes,0,
INV-000163,Google Cloud EMEA,cloud,25425.02,2026-01-30,2026-03-05,PO-89524,CC-133,kvarga,0,
INV-000164,Microsoft Ireland Operations,cloud,31010.7,2026-04-22,2026-06-04,PO-74966,CC-277,kvarga,0,
INV-000165,PPL CZ s.r.o.,logistics,6368.88,2026-04-07,2026-04-27,PO-95759,CC-286,msrnec,0,
INV-000166,Google Cloud EMEA,cloud,28411.69,2026-04-16,2026-05-14,PO-28187,CC-243,jnovak,0,
INV-000167,Engie Services a.s.,facility,27964.15,2026-04-27,2026-05-24,,CC-143,jnovak,0,
INV-000168,Lagardère Travel Retail,travel,14645.13,2026-02-06,2026-03-14,PO-80315,CC-217,ldvorak,0,
INV-000169,Alza.cz a.s.,office_supply,6046.84,2026-03-16,2026-04-21,PO-14546,CC-139,msrnec,0,
INV-000170,Microsoft Ireland Operations,cloud,36258.27,2026-01-13,2026-02-07,PO-41577,CC-160,ldvorak,0,
INV-000171,Office Depot s.r.o.,office_supply,4529.07,2026-02-10,2026-03-16,PO-89765,CC-128,tklimes,0,
INV-000172,Office Depot s.r.o.,office_supply,6931.95,2026-02-04,2026-03-20,PO-77497,CC-101,tklimes,0,
INV-000173,Makro Cash & Carry,catering,10966.2,2026-01-19,2026-02-02,PO-47329,CC-358,msrnec,0,
INV-000174,Alza.cz a.s.,office_supply,9881.72,2026-03-19,2026-04-18,PO-49906,CC-127,jnovak,0,
INV-000175,Manpower Group s.r.o.,hr_services,71298.92,2026-04-28,2026-05-27,PO-14904,CC-101,msrnec,0,
INV-000176,Makro Cash & Carry,catering,9548.74,2026-03-18,2026-04-27,PO-19530,CC-324,tklimes,0,
INV-000177,Grafton Recruitment,hr_services,90698.56,2026-02-18,2026-03-24,PO-65244,CC-117,msrnec,0,
INV-000178,ČSA a.s.,travel,26862.61,2026-01-19,2026-02-04,PO-92515,CC-374,kvarga,1,duplicate
INV-000179,Alza.cz a.s.,office_supply,3964.86,2026-01-23,2026-02-23,PO-77648,CC-303,msrnec,0,
INV-000180,Lagardère Travel Retail,travel,11488.48,2026-03-21,2026-04-20,PO-81426,CC-163,jnovak,1,duplicate
INV-000181,Deloitte Advisory s.r.o.,consulting,76928.2,2026-04-22,2026-05-27,PO-47532,CC-159,tklimes,0,
INV-000182,Microsoft Ireland Operations,cloud,34762.08,2026-04-17,2026-05-30,PO-55279,CC-262,jnovak,0,
INV-000183,Grafton Recruitment,hr_services,57271.03,2026-01-21,2026-02-28,PO-50066,CC-334,msrnec,0,
INV-000184,T-Mobile Czech Republic,telecom,7874.12,2026-02-02,2026-03-04,PO-56859,CC-185,tklimes,0,
INV-000185,Pražská plynárenská a.s.,utilities,236472.92,2026-03-12,2026-04-10,,CC-225,jnovak,1,missing_po
INV-000186,ČEZ Distribuce a.s.,utilities,48446.57,2026-01-19,2026-03-02,PO-77027,CC-223,jnovak,0,
INV-000187,O2 Czech Republic,telecom,6370.56,2026-03-30,2026-04-16,,CC-115,tklimes,0,
INV-000188,O2 Czech Republic,telecom,14786.48,2026-01-19,2026-02-06,PO-72178,CC-221,msrnec,0,
INV-000189,ČEZ Distribuce a.s.,utilities,49432.93,2026-02-02,2026-03-14,PO-21046,CC-136,jnovak,0,
INV-000190,DHL Express,logistics,17848.19,2026-02-27,2026-03-27,PO-75496,CC-329,msrnec,0,
INV-000191,ČEZ Distribuce a.s.,utilities,43670.74,2026-02-03,2026-03-04,PO-45395,CC-260,kvarga,0,
INV-000192,T-Mobile Czech Republic,telecom,200000.0,2026-02-25,2026-03-27,PO-57869,CC-351,tklimes,1,round_sum
INV-000193,ČEZ Distribuce a.s.,utilities,39051.29,2026-04-24,2026-06-06,PO-65140,CC-243,ldvorak,0,
INV-000194,Makro Cash & Carry,catering,5851.8,2026-02-09,2026-02-25,PO-52259,CC-238,kvarga,0,
INV-000195,Havel & Partners,legal,55245.92,2026-02-25,2026-03-26,PO-61186,CC-173,ldvorak,0,
INV-000196,Grafton Recruitment,hr_services,52814.52,2026-02-02,2026-03-02,PO-34182,CC-170,ldvorak,0,
INV-000197,PwC Česká republika,consulting,64007.12,2026-02-18,2026-03-20,PO-17363,CC-175,kvarga,0,
INV-000198,PPL CZ s.r.o.,logistics,3850.12,2026-02-05,2026-02-25,PO-54117,CC-316,jnovak,0,
INV-000199,Deloitte Advisory s.r.o.,consulting,49934.9,2026-02-19,2026-03-06,PO-31054,CC-356,msrnec,0,
INV-000200,PPL CZ s.r.o.,logistics,10835.01,2026-02-05,2026-03-17,PO-31723,CC-153,kvarga,0,
INV-000201,Google Cloud EMEA,cloud,36676.87,2026-02-16,2026-03-09,PO-33981,CC-230,jnovak,0,
INV-000202,Grafton Recruitment,hr_services,108333.97,2026-01-23,2026-02-13,PO-22068,CC-355,kvarga,0,
INV-000203,T-Mobile Czech Republic,telecom,7482.93,2026-03-31,2026-04-30,PO-93824,CC-353,kvarga,0,
INV-000204,Office Depot s.r.o.,office_supply,6830.54,2026-04-22,2026-06-02,PO-66398,CC-195,tklimes,0,
INV-000205,PwC Česká republika,consulting,56101.71,2026-04-11,2026-05-15,PO-14509,CC-117,msrnec,1,off_hours
INV-000206,Microsoft Ireland Operations,cloud,24251.04,2026-03-06,2026-03-20,PO-27533,CC-152,tklimes,0,
INV-000207,KPMG Česká republika,consulting,119832.01,2026-02-20,2026-03-11,PO-63643,CC-321,tklimes,0,
INV-000208,Havel & Partners,legal,51389.8,2026-01-12,2026-02-06,PO-98201,CC-262,ldvorak,0,
INV-000209,ČSA a.s.,travel,15392.89,2026-03-27,2026-04-12,PO-76507,CC-230,jnovak,0,
INV-000210,T-Mobile Czech Republic,telecom,10057.15,2026-04-03,2026-04-21,PO-37701,CC-305,jnovak,0,
INV-000211,Deloitte Advisory s.r.o.,consulting,56528.91,2026-02-23,2026-03-15,PO-54145,CC-218,msrnec,0,
INV-000212,Manpower Group s.r.o.,hr_services,55764.93,2026-01-30,2026-02-19,PO-18903,CC-275,kvarga,0,
INV-000213,Office Depot s.r.o.,office_supply,3365.71,2026-03-26,2026-04-18,PO-76471,CC-137,tklimes,0,
INV-000214,AdHoc Trading s.r.o. #4962,consulting,185110.07,2026-01-08,2026-01-31,PO-56754,CC-219,kvarga,1,new_vendor_high
INV-000215,DHL Express,logistics,24605.63,2026-02-24,2026-03-10,PO-98921,CC-213,msrnec,0,
INV-000216,Lagardère Travel Retail,travel,20117.81,2026-03-06,2026-04-05,PO-39977,CC-173,kvarga,0,
INV-000217,Red Hat Czech s.r.o.,software,88468.89,2026-02-26,2026-03-17,PO-38750,CC-130,ldvorak,0,
INV-000218,Google Cloud EMEA,cloud,29970.33,2026-01-15,2026-02-09,PO-20235,CC-295,msrnec,0,
INV-000219,Lagardère Travel Retail,travel,19944.89,2026-02-03,2026-02-21,PO-97236,CC-136,jnovak,0,
INV-000220,Google Cloud EMEA,cloud,33551.04,2026-04-23,2026-05-24,PO-49410,CC-138,ldvorak,0,
INV-000221,KPMG Česká republika,consulting,63081.36,2026-03-02,2026-04-14,PO-23707,CC-248,jnovak,0,
INV-000222,Grafton Recruitment,hr_services,91096.02,2026-04-02,2026-05-04,PO-77801,CC-280,ldvorak,0,
INV-000223,O2 Czech Republic,telecom,9094.8,2026-02-11,2026-03-11,PO-67998,CC-363,tklimes,0,
INV-000224,Red Hat Czech s.r.o.,software,69039.93,2026-01-08,2026-02-03,PO-29753,CC-249,tklimes,0,
INV-000225,Deloitte Advisory s.r.o.,consulting,178778.43,2026-01-16,2026-02-19,,CC-105,tklimes,1,missing_po
INV-000226,O2 Czech Republic,telecom,13106.36,2026-04-06,2026-04-29,PO-29471,CC-290,kvarga,0,
INV-000227,JetBrains s.r.o.,software,9273.38,2026-03-25,2026-05-02,PO-55655,CC-179,ldvorak,0,
INV-000228,Kinstellar s.r.o.,legal,76370.64,2026-04-01,2026-04-16,PO-49039,CC-375,tklimes,0,
INV-000229,Office Depot s.r.o.,office_supply,4395.41,2026-01-13,2026-02-15,PO-92440,CC-170,msrnec,0,
INV-000230,Grafton Recruitment,hr_services,68278.69,2026-03-23,2026-04-08,PO-50485,CC-315,ldvorak,0,
INV-000231,PwC Česká republika,consulting,575956.65,2026-02-19,2026-03-27,PO-37260,CC-297,ldvorak,1,amount_outlier
INV-000232,ČEZ Distribuce a.s.,utilities,29391.72,2026-03-05,2026-04-18,PO-74572,CC-335,msrnec,0,
INV-000233,Manpower Group s.r.o.,hr_services,125067.23,2026-03-04,2026-03-26,PO-54924,CC-107,msrnec,0,
INV-000234,KPMG Česká republika,consulting,86495.6,2026-04-21,2026-05-12,PO-13327,CC-385,jnovak,0,
INV-000235,Grafton Recruitment,hr_services,72413.07,2026-01-19,2026-02-09,,CC-372,jnovak,0,
INV-000236,Havel & Partners,legal,46481.22,2026-04-03,2026-05-09,PO-76548,CC-214,msrnec,0,
INV-000237,Makro Cash & Carry,catering,9022.44,2026-03-31,2026-04-16,PO-86600,CC-343,ldvorak,0,
INV-000238,Alza.cz a.s.,office_supply,8988.56,2026-01-01,2026-02-09,PO-64532,CC-388,tklimes,0,
INV-000239,Lagardère Travel Retail,travel,15215.03,2026-01-30,2026-03-09,PO-27727,CC-229,jnovak,0,
INV-000240,Engie Services a.s.,facility,29640.81,2026-03-18,2026-04-09,PO-57897,CC-194,kvarga,0,
INV-000241,ČSA a.s.,travel,14068.83,2026-03-23,2026-04-12,PO-98516,CC-373,jnovak,0,
INV-000242,PPL CZ s.r.o.,logistics,8551.6,2026-02-13,2026-03-12,PO-44151,CC-170,ldvorak,0,
INV-000243,PwC Česká republika,consulting,69963.02,2026-03-04,2026-04-01,,CC-177,ldvorak,0,
INV-000244,Google Cloud EMEA,cloud,31562.59,2026-03-02,2026-03-30,PO-40423,CC-213,jnovak,0,
INV-000245,Makro Cash & Carry,catering,7698.13,2026-03-09,2026-04-02,PO-75769,CC-194,ldvorak,0,
INV-000246,AdHoc Trading s.r.o. #5407,consulting,319084.55,2026-04-23,2026-05-17,PO-38999,CC-311,ldvorak,1,new_vendor_high
INV-000247,T-Mobile Czech Republic,telecom,8773.89,2026-01-13,2026-01-29,PO-72708,CC-238,jnovak,0,
INV-000248,PwC Česká republika,consulting,99285.75,2026-04-14,2026-04-28,PO-44499,CC-105,msrnec,0,
INV-000249,Microsoft Ireland Operations,cloud,35480.23,2026-03-03,2026-04-15,PO-87180,CC-335,msrnec,0,
INV-000250,KPMG Česká republika,consulting,69509.35,2026-01-06,2026-02-03,PO-73861,CC-211,msrnec,0,
INV-000251,ČSA a.s.,travel,10607.52,2026-01-14,2026-02-17,PO-52398,CC-123,jnovak,0,
INV-000252,PwC Česká republika,consulting,122502.1,2026-03-24,2026-04-23,PO-11107,CC-316,msrnec,0,
INV-000253,Havel & Partners,legal,66086.57,2026-01-30,2026-03-13,,CC-248,msrnec,0,
INV-000254,JetBrains s.r.o.,software,6707.2,2026-01-05,2026-01-22,PO-21243,CC-261,tklimes,0,
